{
  "interactionModel": {
    "languageModel": {
      "invocationName": "prajna music",
      "intents": [
        {
          "name": "AMAZON.CancelIntent",
          "slots": [],
          "samples": []
        },
        {
          "name": "AMAZON.HelpIntent",
          "slots": [],
          "samples": []
        },
        {
          "name": "AMAZON.StopIntent",
          "slots": [],
          "samples": []
        },
        {
          "name": "PlayAudio",
          "slots": [],
          "samples": [
            "begin playlist",
            "begin the playlist",
            "begin playing the playlist",
            "start playlist",
            "start the playlist",
            "start playing the playlist",
            "play the playlist",
            "to play",
            "to begin playlist",
            "to begin the playlist",
            "to begin playing the playlist",
            "to start playlist",
            "to start the playlist",
            "to start playing the playlist",
            "to play the playlist"
          ]
        },
        {
          "name": "AMAZON.PauseIntent",
          "slots": [],
          "samples": []
        },
        {
          "name": "AMAZON.ResumeIntent",
          "slots": [],
          "samples": []
        },
        {
          "name": "AMAZON.ShuffleOnIntent",
          "slots": [],
          "samples": []
        },
        {
          "name": "AMAZON.ShuffleOffIntent",
          "slots": [],
          "samples": []
        },
        {
          "name": "AMAZON.LoopOnIntent",
          "slots": [],
          "samples": []
        },
        {
          "name": "AMAZON.LoopOffIntent",
          "slots": [],
          "samples": []
        },
        {
          "name": "AMAZON.PreviousIntent",
          "slots": [],
          "samples": []
        },
        {
          "name": "AMAZON.StartOverIntent",
          "slots": [],
          "samples": []
        },
        {
          "name": "AMAZON.YesIntent",
          "slots": [],
          "samples": []
        },
        {
          "name": "AMAZON.NoIntent",
          "slots": [],
          "samples": []
        },
        {
          "name": "AMAZON.NextIntent",
          "slots": [],
          "samples": []
        },
        {
          "name": "AMAZON.NavigateHomeIntent",
          "samples": []
        }
      ],
      "types": []
    }
  },
  "version": "52"
}