{"bodyTemplate7Data":{"type":"object","objectId":"ac72prajna","title":"Mira Manek's Prajna Yoga Music skill.","backgroundImage":{"contentDescription":"Prajna Book Cover","smallSourceUrl":"null","largeSourceUrl":"null","sources":[{"url":"https://prajna-yoga-audio-stream.s3-eu-west-1.amazonaws.com/mira-manek-background-715x419.png","size":"small","widthPixels":0,"heightPixels":0},{"url":"https://prajna-yoga-audio-stream.s3-eu-west-1.amazonaws.com/mira-manek-background-715x419.png","size":"large","widthPixels":0,"heightPixels":0}]},"image":{"contentDescription":null,"smallSourceUrl":null,"largeSourceUrl":null,"sources":[{"url":"","size":"small","widthPixels":0,"heightPixels":0},{"url":"","size":"large","widthPixels":0,"heightPixels":0}]},"logoUrl":"https://prajna-yoga-audio-stream.s3-eu-west-1.amazonaws.com/prajnaskillicon.png","hintText":"Try, \"Alexa, ask Prajna to shuffle\""}}