{
    "document": {
        "type": "APL",
        "version": "1.1",
        "settings": {},
        "theme": "dark",
        "import": [
            {
                "name": "alexa-layouts",
                "version": "1.0.0"
            }
        ],
        "resources": [
            {
                "description": "Stock color for the light theme",
                "colors": {
                    "colorTextPrimary": "#e7087d"
                }
            },
            {
                "description": "Stock color for the dark theme",
                "when": "${viewport.theme == 'dark'}",
                "colors": {
                    "colorTextPrimary": "#e7087d"
                }
            },
            {
                "description": "Standard font sizes",
                "dimensions": {
                    "textSizeBody": 48,
                    "textSizePrimary": 27,
                    "textSizeSecondary": 23,
                    "textSizeSecondaryHint": 25
                }
            },
            {
                "description": "Common spacing values",
                "dimensions": {
                    "spacingThin": 6,
                    "spacingSmall": 12,
                    "spacingMedium": 24,
                    "spacingLarge": 48,
                    "spacingExtraLarge": 72
                }
            },
            {
                "description": "Common margins and padding",
                "dimensions": {
                    "marginTop": 40,
                    "marginLeft": 60,
                    "marginRight": 60,
                    "marginBottom": 40
                }
            }
        ],
        "styles": {
            "textStyleBase": {
                "description": "Base font description; set color",
                "values": [
                    {
                        "color": "@colorTextPrimary"
                    }
                ]
            },
            "textStyleBase0": {
                "description": "Thin version of basic font",
                "extend": "textStyleBase",
                "values": {
                    "fontWeight": "100"
                }
            },
            "textStyleBase1": {
                "description": "Light version of basic font",
                "extend": "textStyleBase",
                "values": {
                    "fontWeight": "300"
                }
            },
            "mixinBody": {
                "values": {
                    "fontSize": "@textSizeBody"
                }
            },
            "mixinPrimary": {
                "values": {
                    "fontSize": "@textSizePrimary"
                }
            },
            "mixinSecondary": {
                "values": {
                    "fontSize": "@textSizeSecondary"
                }
            },
            "textStylePrimary": {
                "extend": [
                    "textStyleBase1",
                    "mixinPrimary"
                ]
            },
            "textStyleSecondary": {
                "extend": [
                    "textStyleBase0",
                    "mixinSecondary"
                ]
            },
            "textStyleBody": {
                "extend": [
                    "textStyleBase1",
                    "mixinBody"
                ]
            },
            "textStyleSecondaryHint": {
                "values": {
                    "fontFamily": "Bookerly",
                    "fontStyle": "italic",
                    "fontSize": "@textSizeSecondaryHint",
                    "color": "@colorTextPrimary"
                }
            }
        },
        "onMount": [],
        "graphics": {},
        "commands": {},
        "layouts": {},
        "mainTemplate": {
            "parameters": [
                "payload"
            ],
            "items": [
                {
                    "when": "${viewport.shape == 'round'}",
                    "type": "Container",
                    "direction": "column",
                    "items": [
                        {
                            "type": "Image",
                            "source": "${payload.bodyTemplate7Data.backgroundImage.sources[0].url}",
                            "scale": "best-fill",
                            "position": "absolute",
                            "width": "100vw",
                            "height": "100vh"
                        },
                        {
                            "type": "AlexaHeader",
                            "headerTitle": "${payload.bodyTemplate7Data.title}",
                            "headerAttributionImage": "${payload.bodyTemplate7Data.logoUrl}"
                        },
                        {
                            "type": "Container",
                            "grow": 1,
                            "alignItems": "center",
                            "justifyContent": "center",
                            "items": [
                                {
                                    "type": "Image",
                                    "source": "${payload.bodyTemplate7Data.image.sources[0].url}",
                                    "scale": "best-fill",
                                    "width": "100vh",
                                    "height": "70vw",
                                    "align": "center"
                                }
                            ]
                        }
                    ]
                },
                {
                    "type": "Container",
                    "height": "100vh",
                    "width": "100vw",
                    "items": [
                        {
                            "type": "Image",
                            "source": "${payload.bodyTemplate7Data.backgroundImage.sources[0].url}",
                            "scale": "best-fill",
                            "position": "absolute",
                            "width": "100vw",
                            "height": "100vh"
                        },
                        {
                            "type": "AlexaHeader",
                            "headerTitle": "${payload.bodyTemplate7Data.title}",
                            "headerAttributionImage": "${payload.bodyTemplate7Data.logoUrl}"
                        },
                        {
                            "type": "Container",
                            "direction": "row",
                            "paddingLeft": "5vw",
                            "paddingRight": "5vw",
                            "paddingBottom": "5vh",
                            "alignItems": "center",
                            "justifyContent": "center",
                            "items": [
                                {
                                    "type": "Image",
                                    "height": "70vh",
                                    "width": "90vw",
                                    "source": "${payload.bodyTemplate7Data.image.sources[0].url}",
                                    "scale": "best-fill",
                                    "align": "center"
                                }
                            ]
                        }
                    ]
                }
            ]
        }
    },
    "datasources": {
        "bodyTemplate7Data": {
            "type": "object",
            "objectId": "ac72prajna",
            "title": "Mira Manek's Prajna Yoga Music skill.",
            "backgroundImage": {
                "contentDescription": "Prajna Book Cover",
                "smallSourceUrl": "null",
                "largeSourceUrl": "null",
                "sources": [
                    {
                        "url": "https://prajna-yoga-audio-stream.s3-eu-west-1.amazonaws.com/mira-manek-background-715x419.png",
                        "size": "small",
                        "widthPixels": 0,
                        "heightPixels": 0
                    },
                    {
                        "url": "https://prajna-yoga-audio-stream.s3-eu-west-1.amazonaws.com/mira-manek-background-715x419.png",
                        "size": "large",
                        "widthPixels": 0,
                        "heightPixels": 0
                    }
                ]
            },
            "image": {
                "contentDescription": null,
                "smallSourceUrl": null,
                "largeSourceUrl": null,
                "sources": [
                    {
                        "url": "",
                        "size": "small",
                        "widthPixels": 0,
                        "heightPixels": 0
                    },
                    {
                        "url": "",
                        "size": "large",
                        "widthPixels": 0,
                        "heightPixels": 0
                    }
                ]
            },
            "logoUrl": "https://prajna-yoga-audio-stream.s3-eu-west-1.amazonaws.com/prajnaskillicon.png",
            "hintText": "Try, \"Alexa, ask Prajna to shuffle\""
        }
    }
}